year,papers
1936,12
1937,16
1938,10
1939,18
1940,10
1941,10
1942,13
1943,8
1944,5
1945,8
1946,31
1947,10
1948,40
1949,50
1950,25
1951,38
1952,108
1953,165
1954,198
1955,187
1956,273
1957,300
1958,472
1959,616
1960,581
1961,854
1962,1000
1963,989
1964,1047
1965,1144
1966,1347
1967,1580
1968,1846
1969,1620
1970,1922
1971,2483
1972,3235
1973,3466
1974,4347
1975,4424
1976,4870
1977,4710
1978,5193
1979,5587
1980,6095
1981,6506
1982,7194
1983,7754
1984,8718
1985,10393
1986,11860
1987,12870
1988,16803
1989,18615
1990,22188
1991,24259
1992,26212
1993,29376
1994,35341
1995,37144
1996,41689
1997,44614
1998,51148
1999,55694
2000,63578
2001,69532
2002,76790
2003,90674
2004,105238
2005,126278
2006,146192
2007,154244
2008,165554
2009,180912
2010,186307
2011,203555
2012,215980
2013,230913
2014,242676
2015,248866
2016,251908
2017,269190
2018,295847
2019,326728
2020,331018
2021,353878
2022,435049
2023,487785
2024,533739
2025,550737
2026,281111
2027,513
